INSERT INTO PERIODO(ID, NOMBRE_PERIODO, FECHA_INICIO, FECHA_FIN, ESTADO_PERIODO) VALUES
(1, 'May-Ago 2015', TIMESTAMP '2015-05-04 13:34:19.591', TIMESTAMP '2015-08-31 13:34:19.591', 'ACTIVO');

INSERT INTO CARRERA(ID, NOMBRE_CARRERA)VALUES
(1, 'TIC');

INSERT INTO CUATRIMESTRE(ID, CUATRIMESTRE) VALUES
(1, '3ro'),
(2, '6to'),
(3, '9no');

INSERT INTO GRUPO(ID, GRUPO)VALUES
(1, 1),
(2, 11),
(3, 2);

-- 2do -----------------------------------
INSERT INTO MATERIA(ID, MATERIA) VALUES
(1, 'Administración de Proyectos');
INSERT INTO MATERIA(ID, MATERIA) VALUES
(2, 'Desarrollo de Aplicaciones III');
INSERT INTO MATERIA(ID, MATERIA) VALUES
(3, 'Ingeniería de Software II');
INSERT INTO MATERIA(ID, MATERIA) VALUES
(4, 'Integradora II');
INSERT INTO MATERIA(ID, MATERIA) VALUES
(5, 'Expresión Oral y Escrita');
INSERT INTO MATERIA(ID, MATERIA) VALUES
(6, 'Inglés II');

-- 5to ---------------------------------
INSERT INTO MATERIA(ID, MATERIA) VALUES
(7, 'Administración de Proyectos');
INSERT INTO MATERIA(ID, MATERIA) VALUES
(8, 'Desarrollo de Aplicaciones III');
INSERT INTO MATERIA(ID, MATERIA) VALUES
(9, 'Ingeniería de Software II');
INSERT INTO MATERIA(ID, MATERIA) VALUES
(10, 'Integradora II');
INSERT INTO MATERIA(ID, MATERIA) VALUES
(11, 'Inglés V');
INSERT INTO MATERIA(ID, MATERIA) VALUES
(12, 'Expresión Oral y Escrita');

-- 8vo -----------------------------------
INSERT INTO MATERIA(ID, MATERIA) VALUES
(13, 'Administración de Proyectos de TI');
INSERT INTO MATERIA(ID, MATERIA) VALUES
(14, 'Redes Convergentes');
INSERT INTO MATERIA(ID, MATERIA) VALUES
(15, 'Sistema de Calidad en TI');
INSERT INTO MATERIA(ID, MATERIA) VALUES
(16, 'Inglés VII');
INSERT INTO MATERIA(ID, MATERIA) VALUES
(17, 'Planeación y Organización del Trabajo');
INSERT INTO MATERIA(ID, MATERIA) VALUES
(18, 'Base de Datos para Aplicaciones');


INSERT INTO PERSONAL(ID, NOMBRE, APELLIDO_PATERNO, APELLIDO_MATERNO) VALUES
(1, 'Miguel Angel', 'Tellez', 'Jardinez'),
(2, 'Dante', 'Peña', 'Rojas'),
(3, 'Salvador', 'Hernandez', 'Mendoza'),
(4, 'Rigoberto', 'García', 'García'),
(5, 'Alfredo', 'Ocadiz', 'Mendoza'),
(6, 'Oscar', 'Lira', 'Uribe'),
(7, 'Esther', 'Guiza', 'López'),
(8, 'Coordinación', 'de', 'Idiomas');


INSERT INTO USER (USERNAME, PASSWORD, ENABLED, PERSONAL_ID) VALUES
('oscar.lira@utec-tgo.edu.mx', '123456', 1, 1),
('k2509o@hotmail.com', '123456', 1, 2),
('oscar.lir@utec-tgo.edu.mx', '123456', 1, 3),
('oscar.lia@utec-tgo.edu.mx', '123456', 1, 4),
('oscar.ira@utec-tgo.edu.mx', '123456', 1, 5),
('oscar.llra@utec-tgo.edu.mx', '123456', 1, 6),
('esther.guiza@utec-tgo.edu.mx', '123456', 1, 7);

INSERT INTO USER_ROLE (ID, USERNAME, ROLE) VALUES
(1, 'oscar.lira@utec-tgo.edu.mx', 'DIRECTOR'),
(2, 'k2509o@hotmail.com', 'PROFESOR'),
(3, 'oscar.lir@utec-tgo.edu.mx', 'PROFESOR'),
(4, 'oscar.lia@utec-tgo.edu.mx', 'PROFESOR'),
(5, 'oscar.ira@utec-tgo.edu.mx', 'PROFESOR'),
(6, 'oscar.llra@utec-tgo.edu.mx', 'PROFESOR'),
(7, 'esther.guiza@utec-tgo.edu.mx', 'PSICOLOGO');

-- ALUMNOS ----------------------------------------------------------------
-- 2-1 --
INSERT INTO ALUMNO(ID, MATRICULA, NOMBRE, APELLIDO_PATERNO, APELLIDO_MATERNO, CARRERA_ID) VALUES
(1, '1714110417', 'Sebastian De Jesus', 'Alfaro', 'Rosales', 1);
INSERT INTO ALUMNO(ID, MATRICULA, NOMBRE, APELLIDO_PATERNO, APELLIDO_MATERNO, CARRERA_ID) VALUES
(2, '1714110175', 'Ricardo Jhovani', 'Alvarado', 'Miranda', 1);
INSERT INTO ALUMNO(ID, MATRICULA, NOMBRE, APELLIDO_PATERNO, APELLIDO_MATERNO, CARRERA_ID) VALUES
(3, '1714110556', 'Jaime David', 'Castro', 'Hernandez', 1);
INSERT INTO ALUMNO(ID, MATRICULA, NOMBRE, APELLIDO_PATERNO, APELLIDO_MATERNO, CARRERA_ID) VALUES
(4, '1714110222', 'Ricardo Eduardo', 'Cordero', 'Garcia', 1);
INSERT INTO ALUMNO(ID, MATRICULA, NOMBRE, APELLIDO_PATERNO, APELLIDO_MATERNO, CARRERA_ID) VALUES
(5, '1714110345', 'Ana Laura', 'Cruz', 'Martinez', 1);
INSERT INTO ALUMNO(ID, MATRICULA, NOMBRE, APELLIDO_PATERNO, APELLIDO_MATERNO, CARRERA_ID) VALUES
(6, '1714110063', 'Ribay', 'Fernandez', 'Romero', 1);
INSERT INTO ALUMNO(ID, MATRICULA, NOMBRE, APELLIDO_PATERNO, APELLIDO_MATERNO, CARRERA_ID) VALUES
(7, '1714110042', 'Jesus Uriel', 'Gallegos', 'Badillo', 1);
INSERT INTO ALUMNO(ID, MATRICULA, NOMBRE, APELLIDO_PATERNO, APELLIDO_MATERNO, CARRERA_ID) VALUES
(8, '1714110120', 'Diego Edgar', 'Gonzalez', 'Ortega', 1);
INSERT INTO ALUMNO(ID, MATRICULA, NOMBRE, APELLIDO_PATERNO, APELLIDO_MATERNO, CARRERA_ID) VALUES
(9, '1714110251', 'Francisco Javier', 'Heredia', 'Téllez', 1);
INSERT INTO ALUMNO(ID, MATRICULA, NOMBRE, APELLIDO_PATERNO, APELLIDO_MATERNO, CARRERA_ID) VALUES
(10, '1714110359', 'Monica', 'Hernandez', 'Pacheco', 1);
INSERT INTO ALUMNO(ID, MATRICULA, NOMBRE, APELLIDO_PATERNO, APELLIDO_MATERNO, CARRERA_ID) VALUES
(11, '1714110354', 'Luis Francisco', 'Hernandez', 'Perez', 1);
INSERT INTO ALUMNO(ID, MATRICULA, NOMBRE, APELLIDO_PATERNO, APELLIDO_MATERNO, CARRERA_ID) VALUES
(12, '1714110057', 'Miguel Angel', 'Mendez', 'Alvarado', 1);
INSERT INTO ALUMNO(ID, MATRICULA, NOMBRE, APELLIDO_PATERNO, APELLIDO_MATERNO, CARRERA_ID) VALUES
(13, '1714110048', 'Erick', 'Vargas', 'Calvillo', 1);
INSERT INTO ALUMNO(ID, MATRICULA, NOMBRE, APELLIDO_PATERNO, APELLIDO_MATERNO, CARRERA_ID) VALUES
(14, '1714110389', 'Claudio Porfirio', 'Vigueras', 'Hernandez', 1);

-- 2-11 --------------------------------------------------------------
INSERT INTO ALUMNO(ID, MATRICULA, NOMBRE, APELLIDO_PATERNO, APELLIDO_MATERNO, CARRERA_ID) VALUES
(15, '1714130006', 'Idi Abel', 'Garcia', 'Arriaga', 1);
INSERT INTO ALUMNO(ID, MATRICULA, NOMBRE, APELLIDO_PATERNO, APELLIDO_MATERNO, CARRERA_ID) VALUES
(16, '1714130022', 'Emmanuel', 'Maldonado', 'Martinez', 1);
INSERT INTO ALUMNO(ID, MATRICULA, NOMBRE, APELLIDO_PATERNO, APELLIDO_MATERNO, CARRERA_ID) VALUES
(17, '1714130030', 'Emiliano', 'Morgado', 'Oliver', 1);
INSERT INTO ALUMNO(ID, MATRICULA, NOMBRE, APELLIDO_PATERNO, APELLIDO_MATERNO, CARRERA_ID) VALUES
(18, '1714130023', 'Andres', 'Reyes', 'Duran', 1);

-- 2-2 -----------------------------------------------------------------
INSERT INTO ALUMNO(ID, MATRICULA, NOMBRE, APELLIDO_PATERNO, APELLIDO_MATERNO, CARRERA_ID) VALUES
(19, '1714110111', 'Leticia', 'Amador', 'Ortiz', 1);
INSERT INTO ALUMNO(ID, MATRICULA, NOMBRE, APELLIDO_PATERNO, APELLIDO_MATERNO, CARRERA_ID) VALUES
(20, '1714110116', 'Alejandro', 'Arce', 'Suarez', 1);
INSERT INTO ALUMNO(ID, MATRICULA, NOMBRE, APELLIDO_PATERNO, APELLIDO_MATERNO, CARRERA_ID) VALUES
(21, '1714110133', 'Jose Eduardo', 'Cruz', 'Maldonado', 1);
INSERT INTO ALUMNO(ID, MATRICULA, NOMBRE, APELLIDO_PATERNO, APELLIDO_MATERNO, CARRERA_ID) VALUES
(22, '1714110061', 'Sergio Oswaldo', 'Garcia', 'Cordero', 1);
INSERT INTO ALUMNO(ID, MATRICULA, NOMBRE, APELLIDO_PATERNO, APELLIDO_MATERNO, CARRERA_ID) VALUES
(23, '1714110403', 'Guillermo', 'Hernandez', 'Diaz', 1);
INSERT INTO ALUMNO(ID, MATRICULA, NOMBRE, APELLIDO_PATERNO, APELLIDO_MATERNO, CARRERA_ID) VALUES
(24, '1714110157', 'Luis Enrique', 'Morales', 'Diaz', 1);
INSERT INTO ALUMNO(ID, MATRICULA, NOMBRE, APELLIDO_PATERNO, APELLIDO_MATERNO, CARRERA_ID) VALUES
(25, '1714110462', 'Eric', 'Ortega', 'Rojas', 1);
INSERT INTO ALUMNO(ID, MATRICULA, NOMBRE, APELLIDO_PATERNO, APELLIDO_MATERNO, CARRERA_ID) VALUES
(26, '1714110453', 'Aldo Esaidt', 'Peralta', 'Maldonado', 1);
INSERT INTO ALUMNO(ID, MATRICULA, NOMBRE, APELLIDO_PATERNO, APELLIDO_MATERNO, CARRERA_ID) VALUES
(27, '1714110227', 'Jorge Alberto', 'Perez', 'Aparicio', 1);
INSERT INTO ALUMNO(ID, MATRICULA, NOMBRE, APELLIDO_PATERNO, APELLIDO_MATERNO, CARRERA_ID) VALUES
(28, '1714110073', 'Eduardo', 'Ramirez', 'Lechuga', 1);
INSERT INTO ALUMNO(ID, MATRICULA, NOMBRE, APELLIDO_PATERNO, APELLIDO_MATERNO, CARRERA_ID) VALUES
(29, '1714110292', 'Luis', 'Sanchez', 'Rosas', 1);
INSERT INTO ALUMNO(ID, MATRICULA, NOMBRE, APELLIDO_PATERNO, APELLIDO_MATERNO, CARRERA_ID) VALUES
(30, '1714110451', 'Keila Samey', 'Soto', 'Soto', 1);
INSERT INTO ALUMNO(ID, MATRICULA, NOMBRE, APELLIDO_PATERNO, APELLIDO_MATERNO, CARRERA_ID) VALUES
(31, '1714110021', 'Elvia', 'Soto', 'Trejo', 1);
INSERT INTO ALUMNO(ID, MATRICULA, NOMBRE, APELLIDO_PATERNO, APELLIDO_MATERNO, CARRERA_ID) VALUES
(32, '1714110362', 'Erick', 'Vargas', 'Vargas', 1);

-- 5-1 --------------------------------------------------------------------------
INSERT INTO ALUMNO(ID, MATRICULA, NOMBRE, APELLIDO_PATERNO, APELLIDO_MATERNO, CARRERA_ID) VALUES
(33, '1713110139', 'Danae', 'Ambriz', 'Jimenez', 1);
INSERT INTO ALUMNO(ID, MATRICULA, NOMBRE, APELLIDO_PATERNO, APELLIDO_MATERNO, CARRERA_ID) VALUES
(34, '1713110087', 'Yesenia Berenice', 'Castro', 'San Agustin', 1);
INSERT INTO ALUMNO(ID, MATRICULA, NOMBRE, APELLIDO_PATERNO, APELLIDO_MATERNO, CARRERA_ID) VALUES
(35, '1713110241', 'Ana Karen', 'Ceron', 'Fernandez', 1);
INSERT INTO ALUMNO(ID, MATRICULA, NOMBRE, APELLIDO_PATERNO, APELLIDO_MATERNO, CARRERA_ID) VALUES
(36, '1713110246', 'Maria Elvia', 'Ceron', 'Maldonado', 1);
INSERT INTO ALUMNO(ID, MATRICULA, NOMBRE, APELLIDO_PATERNO, APELLIDO_MATERNO, CARRERA_ID) VALUES
(37, '1713110310', 'Martha', 'Cordoba', 'Santiago', 1);
INSERT INTO ALUMNO(ID, MATRICULA, NOMBRE, APELLIDO_PATERNO, APELLIDO_MATERNO, CARRERA_ID) VALUES
(38, '1713110317', 'Martin', 'Diaz', 'Del Razo', 1);
INSERT INTO ALUMNO(ID, MATRICULA, NOMBRE, APELLIDO_PATERNO, APELLIDO_MATERNO, CARRERA_ID) VALUES
(39, '1713110216', 'Rodrigo', 'Escorcia', 'Ortiz', 1);
INSERT INTO ALUMNO(ID, MATRICULA, NOMBRE, APELLIDO_PATERNO, APELLIDO_MATERNO, CARRERA_ID) VALUES
(40, '1713110031', 'Ivan', 'Flores', 'Navarro', 1);
INSERT INTO ALUMNO(ID, MATRICULA, NOMBRE, APELLIDO_PATERNO, APELLIDO_MATERNO, CARRERA_ID) VALUES
(41, '1712100250', 'Luis', 'García', 'Marcelo', 1);
INSERT INTO ALUMNO(ID, MATRICULA, NOMBRE, APELLIDO_PATERNO, APELLIDO_MATERNO, CARRERA_ID) VALUES
(42, '1713110226', 'Marco Aurelio', 'Garnica', 'Hernandez', 1);
INSERT INTO ALUMNO(ID, MATRICULA, NOMBRE, APELLIDO_PATERNO, APELLIDO_MATERNO, CARRERA_ID) VALUES
(43, '1713110224', 'Alberto Elias', 'Juarez', 'Ordaz', 1);
INSERT INTO ALUMNO(ID, MATRICULA, NOMBRE, APELLIDO_PATERNO, APELLIDO_MATERNO, CARRERA_ID) VALUES
(44, '1713110058', 'Esteban', 'Juárez', 'Rodríguez', 1);
INSERT INTO ALUMNO(ID, MATRICULA, NOMBRE, APELLIDO_PATERNO, APELLIDO_MATERNO, CARRERA_ID) VALUES
(45, '1713110032', 'Ernesto', 'Marquez', 'Pasaran', 1);
INSERT INTO ALUMNO(ID, MATRICULA, NOMBRE, APELLIDO_PATERNO, APELLIDO_MATERNO, CARRERA_ID) VALUES
(46, '1713110147', 'Oscar', 'Martínez', 'Arevalo', 1);
INSERT INTO ALUMNO(ID, MATRICULA, NOMBRE, APELLIDO_PATERNO, APELLIDO_MATERNO, CARRERA_ID) VALUES
(47, '1713110106', 'Julio Cesar', 'Melo', 'Castelan', 1);
INSERT INTO ALUMNO(ID, MATRICULA, NOMBRE, APELLIDO_PATERNO, APELLIDO_MATERNO, CARRERA_ID) VALUES
(48, '1713110028', 'José Manuel', 'Ortíz', 'Islas', 1);
INSERT INTO ALUMNO(ID, MATRICULA, NOMBRE, APELLIDO_PATERNO, APELLIDO_MATERNO, CARRERA_ID) VALUES
(49, '1713110182', 'Yael Aranzazu', 'Perez', 'Laguna', 1);
INSERT INTO ALUMNO(ID, MATRICULA, NOMBRE, APELLIDO_PATERNO, APELLIDO_MATERNO, CARRERA_ID) VALUES
(50, '1713110247', 'Armando', 'Perez', 'Moreno', 1);
INSERT INTO ALUMNO(ID, MATRICULA, NOMBRE, APELLIDO_PATERNO, APELLIDO_MATERNO, CARRERA_ID) VALUES
(51, '1713110029', 'Martha Gabriela', 'Rodríguez', 'Garcia', 1);
INSERT INTO ALUMNO(ID, MATRICULA, NOMBRE, APELLIDO_PATERNO, APELLIDO_MATERNO, CARRERA_ID) VALUES
(52, '1713110164', 'Cruz Eduardo', 'Romero', 'Castro', 1);
INSERT INTO ALUMNO(ID, MATRICULA, NOMBRE, APELLIDO_PATERNO, APELLIDO_MATERNO, CARRERA_ID) VALUES
(53, '1713110084', 'Ulises Isaac', 'Santana', 'Hernandez', 1);
INSERT INTO ALUMNO(ID, MATRICULA, NOMBRE, APELLIDO_PATERNO, APELLIDO_MATERNO, CARRERA_ID) VALUES
(54, '1713110237', 'Cristian', 'Sevilla', 'Guarneros', 1);
INSERT INTO ALUMNO(ID, MATRICULA, NOMBRE, APELLIDO_PATERNO, APELLIDO_MATERNO, CARRERA_ID) VALUES
(55, '1712100125', 'Rafael', 'Solis', 'López', 1);
INSERT INTO ALUMNO(ID, MATRICULA, NOMBRE, APELLIDO_PATERNO, APELLIDO_MATERNO, CARRERA_ID) VALUES
(56, '1713110093', 'Ana Patricia', 'Súarez', 'López', 1);
INSERT INTO ALUMNO(ID, MATRICULA, NOMBRE, APELLIDO_PATERNO, APELLIDO_MATERNO, CARRERA_ID) VALUES
(57, '1713110369', 'Marytere', 'Vargas', 'Acosta', 1);
INSERT INTO ALUMNO(ID, MATRICULA, NOMBRE, APELLIDO_PATERNO, APELLIDO_MATERNO, CARRERA_ID) VALUES
(58, '1713110179', 'Jose Angel', 'Vargas', 'Gayosso', 1);
INSERT INTO ALUMNO(ID, MATRICULA, NOMBRE, APELLIDO_PATERNO, APELLIDO_MATERNO, CARRERA_ID) VALUES
(59, '1713110449', 'Maria Del Socorro', 'Vera', 'Garcia', 1);
INSERT INTO ALUMNO(ID, MATRICULA, NOMBRE, APELLIDO_PATERNO, APELLIDO_MATERNO, CARRERA_ID) VALUES
(60, '1713110217', 'Albina', 'Victoriano', 'Atenco', 1);

-- 8-1 ---------------------------------------------------------------------------
INSERT INTO ALUMNO(ID, MATRICULA, NOMBRE, APELLIDO_PATERNO, APELLIDO_MATERNO, CARRERA_ID) VALUES
(61, '1712100070', 'Fermin', 'Alvarado', 'García', 1);
INSERT INTO ALUMNO(ID, MATRICULA, NOMBRE, APELLIDO_PATERNO, APELLIDO_MATERNO, CARRERA_ID) VALUES
(62, '1712100244', 'Irving Yael', 'Amador', 'Lemus', 1);
INSERT INTO ALUMNO(ID, MATRICULA, NOMBRE, APELLIDO_PATERNO, APELLIDO_MATERNO, CARRERA_ID) VALUES
(63, '1712100140', 'Juan Carlos', 'Atanacio', 'Quintero', 1);
INSERT INTO ALUMNO(ID, MATRICULA, NOMBRE, APELLIDO_PATERNO, APELLIDO_MATERNO, CARRERA_ID) VALUES
(64, '1709100039', 'Angélica Yureni', 'Ávila', 'Hernández', 1);
INSERT INTO ALUMNO(ID, MATRICULA, NOMBRE, APELLIDO_PATERNO, APELLIDO_MATERNO, CARRERA_ID) VALUES
(65, '1712100033', 'Cristian', 'Barraza', 'Balderas', 1);
INSERT INTO ALUMNO(ID, MATRICULA, NOMBRE, APELLIDO_PATERNO, APELLIDO_MATERNO, CARRERA_ID) VALUES
(66, '1712100240', 'Estefania', 'Cajero', 'Herrera', 1);
INSERT INTO ALUMNO(ID, MATRICULA, NOMBRE, APELLIDO_PATERNO, APELLIDO_MATERNO, CARRERA_ID) VALUES
(67, '1712100087', 'Gregorio', 'Cruz', 'Trejo', 1);
INSERT INTO ALUMNO(ID, MATRICULA, NOMBRE, APELLIDO_PATERNO, APELLIDO_MATERNO, CARRERA_ID) VALUES
(68, '1712100134', 'Sidonio', 'Daza', 'Aparicio', 1);
INSERT INTO ALUMNO(ID, MATRICULA, NOMBRE, APELLIDO_PATERNO, APELLIDO_MATERNO, CARRERA_ID) VALUES
(69, '1712100119', 'Miguel Ángel', 'De La Torre', 'Canales', 1);
INSERT INTO ALUMNO(ID, MATRICULA, NOMBRE, APELLIDO_PATERNO, APELLIDO_MATERNO, CARRERA_ID) VALUES
(70, '1712100094', 'Emmanuel', 'Espino', 'Ramírez', 1);
INSERT INTO ALUMNO(ID, MATRICULA, NOMBRE, APELLIDO_PATERNO, APELLIDO_MATERNO, CARRERA_ID) VALUES
(71, '1712100084', 'Irvin Fidel', 'Fragoso', 'Maldonado', 1);
INSERT INTO ALUMNO(ID, MATRICULA, NOMBRE, APELLIDO_PATERNO, APELLIDO_MATERNO, CARRERA_ID) VALUES
(72, '1712100332', 'Juan Antonio', 'Gonzalez', 'Balderas', 1);
INSERT INTO ALUMNO(ID, MATRICULA, NOMBRE, APELLIDO_PATERNO, APELLIDO_MATERNO, CARRERA_ID) VALUES
(73, '1712020012', 'Jorge Alan', 'Hernandez', 'Rosales', 1);
INSERT INTO ALUMNO(ID, MATRICULA, NOMBRE, APELLIDO_PATERNO, APELLIDO_MATERNO, CARRERA_ID) VALUES
(74, '1711100132', 'Alfredo', 'Hernández', 'González', 1);
INSERT INTO ALUMNO(ID, MATRICULA, NOMBRE, APELLIDO_PATERNO, APELLIDO_MATERNO, CARRERA_ID) VALUES
(75, '1712100067', 'Enrique', 'Isidoro', 'Ibarra', 1);
INSERT INTO ALUMNO(ID, MATRICULA, NOMBRE, APELLIDO_PATERNO, APELLIDO_MATERNO, CARRERA_ID) VALUES
(76, '1712100086', 'Jorge', 'Islas', 'Villar', 1);
INSERT INTO ALUMNO(ID, MATRICULA, NOMBRE, APELLIDO_PATERNO, APELLIDO_MATERNO, CARRERA_ID) VALUES
(77, '1712100095', 'Yesenia Isabel', 'Latorre', 'Flor', 1);
INSERT INTO ALUMNO(ID, MATRICULA, NOMBRE, APELLIDO_PATERNO, APELLIDO_MATERNO, CARRERA_ID) VALUES
(78, '1712100267', 'Francisco', 'Martínez', 'Dionicio', 1);
INSERT INTO ALUMNO(ID, MATRICULA, NOMBRE, APELLIDO_PATERNO, APELLIDO_MATERNO, CARRERA_ID) VALUES
(79, '1712100221', 'Itzel Daniela', 'Melo', 'Islas', 1);
INSERT INTO ALUMNO(ID, MATRICULA, NOMBRE, APELLIDO_PATERNO, APELLIDO_MATERNO, CARRERA_ID) VALUES
(80, '1712100098', 'María De Los Ángeles', 'Méndez', 'Gayosso', 1);
INSERT INTO ALUMNO(ID, MATRICULA, NOMBRE, APELLIDO_PATERNO, APELLIDO_MATERNO, CARRERA_ID) VALUES
(81, '1712100092', 'Constantino', 'Pérez', 'Cerón', 1);
INSERT INTO ALUMNO(ID, MATRICULA, NOMBRE, APELLIDO_PATERNO, APELLIDO_MATERNO, CARRERA_ID) VALUES
(82, '1712100009', 'Ramón Omar', 'Reyes', 'López', 1);
INSERT INTO ALUMNO(ID, MATRICULA, NOMBRE, APELLIDO_PATERNO, APELLIDO_MATERNO, CARRERA_ID) VALUES
(83, '1712100039', 'Victor Aarón', 'Riveros', 'Hernández', 1);
INSERT INTO ALUMNO(ID, MATRICULA, NOMBRE, APELLIDO_PATERNO, APELLIDO_MATERNO, CARRERA_ID) VALUES
(84, '1712100210', 'Ruth Estephanie', 'Rojas', 'López', 1);
INSERT INTO ALUMNO(ID, MATRICULA, NOMBRE, APELLIDO_PATERNO, APELLIDO_MATERNO, CARRERA_ID) VALUES
(85, '1714110419', 'Juan Angel', 'Vixtha', 'Hernandez', 1);

-- Periodo Alumno ---------------------------------------------------------------------------

INSERT INTO PERIODOALUMNO(ID, PERIODO_ID, ALUMNO_ID, CUATRIMESTRE_ID, GRUPO_ID)VALUES
(1,1,1,1,1);
INSERT INTO PERIODOALUMNO(ID, PERIODO_ID, ALUMNO_ID, CUATRIMESTRE_ID, GRUPO_ID)VALUES
(2,1,2,1,1);
INSERT INTO PERIODOALUMNO(ID, PERIODO_ID, ALUMNO_ID, CUATRIMESTRE_ID, GRUPO_ID)VALUES
(3,1,3,1,1);
INSERT INTO PERIODOALUMNO(ID, PERIODO_ID, ALUMNO_ID, CUATRIMESTRE_ID, GRUPO_ID)VALUES
(4,1,4,1,1);
INSERT INTO PERIODOALUMNO(ID, PERIODO_ID, ALUMNO_ID, CUATRIMESTRE_ID, GRUPO_ID)VALUES
(5,1,5,1,1);
INSERT INTO PERIODOALUMNO(ID, PERIODO_ID, ALUMNO_ID, CUATRIMESTRE_ID, GRUPO_ID)VALUES
(6,1,6,1,1);
INSERT INTO PERIODOALUMNO(ID, PERIODO_ID, ALUMNO_ID, CUATRIMESTRE_ID, GRUPO_ID)VALUES
(7,1,7,1,1);
INSERT INTO PERIODOALUMNO(ID, PERIODO_ID, ALUMNO_ID, CUATRIMESTRE_ID, GRUPO_ID)VALUES
(8,1,8,1,1);
INSERT INTO PERIODOALUMNO(ID, PERIODO_ID, ALUMNO_ID, CUATRIMESTRE_ID, GRUPO_ID)VALUES
(9,1,9,1,1);
INSERT INTO PERIODOALUMNO(ID, PERIODO_ID, ALUMNO_ID, CUATRIMESTRE_ID, GRUPO_ID)VALUES
(10,1,10,1,1);
INSERT INTO PERIODOALUMNO(ID, PERIODO_ID, ALUMNO_ID, CUATRIMESTRE_ID, GRUPO_ID)VALUES
(11,1,11,1,1);
INSERT INTO PERIODOALUMNO(ID, PERIODO_ID, ALUMNO_ID, CUATRIMESTRE_ID, GRUPO_ID)VALUES
(12,1,12,1,1);
INSERT INTO PERIODOALUMNO(ID, PERIODO_ID, ALUMNO_ID, CUATRIMESTRE_ID, GRUPO_ID)VALUES
(13,1,13,1,1);
INSERT INTO PERIODOALUMNO(ID, PERIODO_ID, ALUMNO_ID, CUATRIMESTRE_ID, GRUPO_ID)VALUES
(14,1,14,1,1);
INSERT INTO PERIODOALUMNO(ID, PERIODO_ID, ALUMNO_ID, CUATRIMESTRE_ID, GRUPO_ID)VALUES
(15,1,15,1,2);
INSERT INTO PERIODOALUMNO(ID, PERIODO_ID, ALUMNO_ID, CUATRIMESTRE_ID, GRUPO_ID)VALUES
(16,1,16,1,2);
INSERT INTO PERIODOALUMNO(ID, PERIODO_ID, ALUMNO_ID, CUATRIMESTRE_ID, GRUPO_ID)VALUES
(17,1,17,1,2);
INSERT INTO PERIODOALUMNO(ID, PERIODO_ID, ALUMNO_ID, CUATRIMESTRE_ID, GRUPO_ID)VALUES
(18,1,18,1,2);
INSERT INTO PERIODOALUMNO(ID, PERIODO_ID, ALUMNO_ID, CUATRIMESTRE_ID, GRUPO_ID)VALUES
(19,1,19,1,3);
INSERT INTO PERIODOALUMNO(ID, PERIODO_ID, ALUMNO_ID, CUATRIMESTRE_ID, GRUPO_ID)VALUES
(20,1,20,1,3);
INSERT INTO PERIODOALUMNO(ID, PERIODO_ID, ALUMNO_ID, CUATRIMESTRE_ID, GRUPO_ID)VALUES
(21,1,21,1,3);
INSERT INTO PERIODOALUMNO(ID, PERIODO_ID, ALUMNO_ID, CUATRIMESTRE_ID, GRUPO_ID)VALUES
(22,1,22,1,3);
INSERT INTO PERIODOALUMNO(ID, PERIODO_ID, ALUMNO_ID, CUATRIMESTRE_ID, GRUPO_ID)VALUES
(23,1,23,1,3);
INSERT INTO PERIODOALUMNO(ID, PERIODO_ID, ALUMNO_ID, CUATRIMESTRE_ID, GRUPO_ID)VALUES
(24,1,24,1,3);
INSERT INTO PERIODOALUMNO(ID, PERIODO_ID, ALUMNO_ID, CUATRIMESTRE_ID, GRUPO_ID)VALUES
(25,1,25,1,3);
INSERT INTO PERIODOALUMNO(ID, PERIODO_ID, ALUMNO_ID, CUATRIMESTRE_ID, GRUPO_ID)VALUES
(26,1,26,1,3);
INSERT INTO PERIODOALUMNO(ID, PERIODO_ID, ALUMNO_ID, CUATRIMESTRE_ID, GRUPO_ID)VALUES
(27,1,27,1,3);
INSERT INTO PERIODOALUMNO(ID, PERIODO_ID, ALUMNO_ID, CUATRIMESTRE_ID, GRUPO_ID)VALUES
(28,1,28,1,3);
INSERT INTO PERIODOALUMNO(ID, PERIODO_ID, ALUMNO_ID, CUATRIMESTRE_ID, GRUPO_ID)VALUES
(29,1,29,1,3);
INSERT INTO PERIODOALUMNO(ID, PERIODO_ID, ALUMNO_ID, CUATRIMESTRE_ID, GRUPO_ID)VALUES
(30,1,30,1,3);
INSERT INTO PERIODOALUMNO(ID, PERIODO_ID, ALUMNO_ID, CUATRIMESTRE_ID, GRUPO_ID)VALUES
(31,1,31,1,3);
INSERT INTO PERIODOALUMNO(ID, PERIODO_ID, ALUMNO_ID, CUATRIMESTRE_ID, GRUPO_ID)VALUES
(32,1,32,1,3);
INSERT INTO PERIODOALUMNO(ID, PERIODO_ID, ALUMNO_ID, CUATRIMESTRE_ID, GRUPO_ID)VALUES
(33,1,33,2,1);
INSERT INTO PERIODOALUMNO(ID, PERIODO_ID, ALUMNO_ID, CUATRIMESTRE_ID, GRUPO_ID)VALUES
(34,1,34,2,1);
INSERT INTO PERIODOALUMNO(ID, PERIODO_ID, ALUMNO_ID, CUATRIMESTRE_ID, GRUPO_ID)VALUES
(35,1,35,2,1);
INSERT INTO PERIODOALUMNO(ID, PERIODO_ID, ALUMNO_ID, CUATRIMESTRE_ID, GRUPO_ID)VALUES
(36,1,36,2,1);
INSERT INTO PERIODOALUMNO(ID, PERIODO_ID, ALUMNO_ID, CUATRIMESTRE_ID, GRUPO_ID)VALUES
(37,1,37,2,1);
INSERT INTO PERIODOALUMNO(ID, PERIODO_ID, ALUMNO_ID, CUATRIMESTRE_ID, GRUPO_ID)VALUES
(38,1,38,2,1);
INSERT INTO PERIODOALUMNO(ID, PERIODO_ID, ALUMNO_ID, CUATRIMESTRE_ID, GRUPO_ID)VALUES
(39,1,39,2,1);
INSERT INTO PERIODOALUMNO(ID, PERIODO_ID, ALUMNO_ID, CUATRIMESTRE_ID, GRUPO_ID)VALUES
(40,1,40,2,1);
INSERT INTO PERIODOALUMNO(ID, PERIODO_ID, ALUMNO_ID, CUATRIMESTRE_ID, GRUPO_ID)VALUES
(41,1,41,2,1);
INSERT INTO PERIODOALUMNO(ID, PERIODO_ID, ALUMNO_ID, CUATRIMESTRE_ID, GRUPO_ID)VALUES
(42,1,42,2,1);
INSERT INTO PERIODOALUMNO(ID, PERIODO_ID, ALUMNO_ID, CUATRIMESTRE_ID, GRUPO_ID)VALUES
(43,1,43,2,1);
INSERT INTO PERIODOALUMNO(ID, PERIODO_ID, ALUMNO_ID, CUATRIMESTRE_ID, GRUPO_ID)VALUES
(44,1,44,2,1);
INSERT INTO PERIODOALUMNO(ID, PERIODO_ID, ALUMNO_ID, CUATRIMESTRE_ID, GRUPO_ID)VALUES
(45,1,45,2,1);
INSERT INTO PERIODOALUMNO(ID, PERIODO_ID, ALUMNO_ID, CUATRIMESTRE_ID, GRUPO_ID)VALUES
(46,1,46,2,1);
INSERT INTO PERIODOALUMNO(ID, PERIODO_ID, ALUMNO_ID, CUATRIMESTRE_ID, GRUPO_ID)VALUES
(47,1,47,2,1);
INSERT INTO PERIODOALUMNO(ID, PERIODO_ID, ALUMNO_ID, CUATRIMESTRE_ID, GRUPO_ID)VALUES
(48,1,48,2,1);
INSERT INTO PERIODOALUMNO(ID, PERIODO_ID, ALUMNO_ID, CUATRIMESTRE_ID, GRUPO_ID)VALUES
(49,1,49,2,1);
INSERT INTO PERIODOALUMNO(ID, PERIODO_ID, ALUMNO_ID, CUATRIMESTRE_ID, GRUPO_ID)VALUES
(50,1,50,2,1);
INSERT INTO PERIODOALUMNO(ID, PERIODO_ID, ALUMNO_ID, CUATRIMESTRE_ID, GRUPO_ID)VALUES
(51,1,51,2,1);
INSERT INTO PERIODOALUMNO(ID, PERIODO_ID, ALUMNO_ID, CUATRIMESTRE_ID, GRUPO_ID)VALUES
(52,1,52,2,1);
INSERT INTO PERIODOALUMNO(ID, PERIODO_ID, ALUMNO_ID, CUATRIMESTRE_ID, GRUPO_ID)VALUES
(53,1,53,2,1);
INSERT INTO PERIODOALUMNO(ID, PERIODO_ID, ALUMNO_ID, CUATRIMESTRE_ID, GRUPO_ID)VALUES
(54,1,54,2,1);
INSERT INTO PERIODOALUMNO(ID, PERIODO_ID, ALUMNO_ID, CUATRIMESTRE_ID, GRUPO_ID)VALUES
(55,1,55,2,1);
INSERT INTO PERIODOALUMNO(ID, PERIODO_ID, ALUMNO_ID, CUATRIMESTRE_ID, GRUPO_ID)VALUES
(56,1,56,2,1);
INSERT INTO PERIODOALUMNO(ID, PERIODO_ID, ALUMNO_ID, CUATRIMESTRE_ID, GRUPO_ID)VALUES
(57,1,57,2,1);
INSERT INTO PERIODOALUMNO(ID, PERIODO_ID, ALUMNO_ID, CUATRIMESTRE_ID, GRUPO_ID)VALUES
(58,1,58,2,1);
INSERT INTO PERIODOALUMNO(ID, PERIODO_ID, ALUMNO_ID, CUATRIMESTRE_ID, GRUPO_ID)VALUES
(59,1,59,2,1);
INSERT INTO PERIODOALUMNO(ID, PERIODO_ID, ALUMNO_ID, CUATRIMESTRE_ID, GRUPO_ID)VALUES
(60,1,60,2,1);
INSERT INTO PERIODOALUMNO(ID, PERIODO_ID, ALUMNO_ID, CUATRIMESTRE_ID, GRUPO_ID)VALUES
(61,1,61,3,1);
INSERT INTO PERIODOALUMNO(ID, PERIODO_ID, ALUMNO_ID, CUATRIMESTRE_ID, GRUPO_ID)VALUES
(62,1,62,3,1);
INSERT INTO PERIODOALUMNO(ID, PERIODO_ID, ALUMNO_ID, CUATRIMESTRE_ID, GRUPO_ID)VALUES
(63,1,63,3,1);
INSERT INTO PERIODOALUMNO(ID, PERIODO_ID, ALUMNO_ID, CUATRIMESTRE_ID, GRUPO_ID)VALUES
(64,1,64,3,1);
INSERT INTO PERIODOALUMNO(ID, PERIODO_ID, ALUMNO_ID, CUATRIMESTRE_ID, GRUPO_ID)VALUES
(65,1,65,3,1);
INSERT INTO PERIODOALUMNO(ID, PERIODO_ID, ALUMNO_ID, CUATRIMESTRE_ID, GRUPO_ID)VALUES
(66,1,66,3,1);
INSERT INTO PERIODOALUMNO(ID, PERIODO_ID, ALUMNO_ID, CUATRIMESTRE_ID, GRUPO_ID)VALUES
(67,1,67,3,1);
INSERT INTO PERIODOALUMNO(ID, PERIODO_ID, ALUMNO_ID, CUATRIMESTRE_ID, GRUPO_ID)VALUES
(68,1,68,3,1);
INSERT INTO PERIODOALUMNO(ID, PERIODO_ID, ALUMNO_ID, CUATRIMESTRE_ID, GRUPO_ID)VALUES
(69,1,69,3,1);
INSERT INTO PERIODOALUMNO(ID, PERIODO_ID, ALUMNO_ID, CUATRIMESTRE_ID, GRUPO_ID)VALUES
(70,1,70,3,1);
INSERT INTO PERIODOALUMNO(ID, PERIODO_ID, ALUMNO_ID, CUATRIMESTRE_ID, GRUPO_ID)VALUES
(71,1,71,3,1);
INSERT INTO PERIODOALUMNO(ID, PERIODO_ID, ALUMNO_ID, CUATRIMESTRE_ID, GRUPO_ID)VALUES
(72,1,72,3,1);
INSERT INTO PERIODOALUMNO(ID, PERIODO_ID, ALUMNO_ID, CUATRIMESTRE_ID, GRUPO_ID)VALUES
(73,1,73,3,1);
INSERT INTO PERIODOALUMNO(ID, PERIODO_ID, ALUMNO_ID, CUATRIMESTRE_ID, GRUPO_ID)VALUES
(74,1,74,3,1);
INSERT INTO PERIODOALUMNO(ID, PERIODO_ID, ALUMNO_ID, CUATRIMESTRE_ID, GRUPO_ID)VALUES
(75,1,75,3,1);
INSERT INTO PERIODOALUMNO(ID, PERIODO_ID, ALUMNO_ID, CUATRIMESTRE_ID, GRUPO_ID)VALUES
(76,1,76,3,1);
INSERT INTO PERIODOALUMNO(ID, PERIODO_ID, ALUMNO_ID, CUATRIMESTRE_ID, GRUPO_ID)VALUES
(77,1,77,3,1);
INSERT INTO PERIODOALUMNO(ID, PERIODO_ID, ALUMNO_ID, CUATRIMESTRE_ID, GRUPO_ID)VALUES
(78,1,78,3,1);
INSERT INTO PERIODOALUMNO(ID, PERIODO_ID, ALUMNO_ID, CUATRIMESTRE_ID, GRUPO_ID)VALUES
(79,1,79,3,1);
INSERT INTO PERIODOALUMNO(ID, PERIODO_ID, ALUMNO_ID, CUATRIMESTRE_ID, GRUPO_ID)VALUES
(80,1,80,3,1);
INSERT INTO PERIODOALUMNO(ID, PERIODO_ID, ALUMNO_ID, CUATRIMESTRE_ID, GRUPO_ID)VALUES
(81,1,81,3,1);
INSERT INTO PERIODOALUMNO(ID, PERIODO_ID, ALUMNO_ID, CUATRIMESTRE_ID, GRUPO_ID)VALUES
(82,1,82,3,1);
INSERT INTO PERIODOALUMNO(ID, PERIODO_ID, ALUMNO_ID, CUATRIMESTRE_ID, GRUPO_ID)VALUES
(83,1,83,3,1);
INSERT INTO PERIODOALUMNO(ID, PERIODO_ID, ALUMNO_ID, CUATRIMESTRE_ID, GRUPO_ID)VALUES
(84,1,84,3,1);
INSERT INTO PERIODOALUMNO(ID, PERIODO_ID, ALUMNO_ID, CUATRIMESTRE_ID, GRUPO_ID)VALUES
(85,1,85,3,1);


-- Perido Personal ----------------------------------------

INSERT INTO PERIODOPERSONAL(ID, PERIODO_ID, PERSONAL_ID)VALUES
(1,1,1),
(2,1,2),
(3,1,3),
(4,1,4),
(5,1,5),
(6,1,6),
(7,1,7),
(8,1,8);

-- Director --

INSERT INTO DIRECTOR(ID, PERIODO_PERSONAL_ID, CARRERA_ID)VALUES
(1,1,1);

-- Materias, Profesores y Gpo-Cuatri por Carrera --

INSERT INTO CUATRIMESTREMATERIA(ID, PERIODO_PERSONAL_ID, CUATRIMESTRE_ID, GRUPO_ID, MATERIA_ID, CARRERA_ID)VALUES
(1, 2, 1, 1, 1, 1),
(2, 2, 1, 1, 2, 1),
(3, 3, 1, 1, 3, 1),
(4, 4, 1, 1, 4, 1),
(5, 5, 1, 1, 5, 1),
(6, 7, 1, 1, 6, 1);

INSERT INTO CUATRIMESTREMATERIA(ID, PERIODO_PERSONAL_ID, CUATRIMESTRE_ID, GRUPO_ID, MATERIA_ID, CARRERA_ID)VALUES
(7, 2, 1, 2, 1, 1),
(8, 2, 1, 2, 2, 1),
(9, 3, 1, 2, 3, 1),
(10, 4, 1, 2, 4, 1),
(11, 5, 1, 2, 5, 1),
(12, 6, 1, 2, 6, 1);

INSERT INTO CUATRIMESTREMATERIA(ID, PERIODO_PERSONAL_ID, CUATRIMESTRE_ID, GRUPO_ID, MATERIA_ID, CARRERA_ID)VALUES
(13, 2, 1, 3, 1, 1),
(14, 2, 1, 3, 2, 1),
(15, 3, 1, 3, 3, 1),
(16, 4, 1, 3, 4, 1),
(17, 5, 1, 3, 5, 1),
(18, 8, 1, 3, 6, 1);

INSERT INTO CUATRIMESTREMATERIA(ID, PERIODO_PERSONAL_ID, CUATRIMESTRE_ID, GRUPO_ID, MATERIA_ID, CARRERA_ID)VALUES
(19, 2, 2, 1, 7, 1),
(20, 2, 2, 1, 8, 1),
(21, 3, 2, 1, 9, 1),
(22, 4, 2, 1, 10, 1),
(23, 8, 2, 1, 11, 1),
(24, 5, 2, 1, 12, 1);

INSERT INTO CUATRIMESTREMATERIA(ID, PERIODO_PERSONAL_ID, CUATRIMESTRE_ID, GRUPO_ID, MATERIA_ID, CARRERA_ID)VALUES
(25, 2, 3, 1, 13, 1),
(26, 2, 3, 1, 14, 1),
(27, 3, 3, 1, 15, 1),
(28, 8, 3, 1, 16, 1),
(29, 4, 3, 1, 17, 1),
(30, 5, 3, 1, 18, 1);